city_id,avg_fare
AP01,282.6722837199464
CH01,283.68695005258974
GJ01,117.27292453002207
GJ02,118.56616499094486
KA01,249.70716837048897
KL01,335.24507908958225
MP01,179.83860938383268
RJ01,483.9181276662158
TN01,166.98218347232753
UP01,147.18037605561517
