,city_id,avg_passenger_rating,target_avg_passenger_rating,city_name
0,AP01,8.4828896342167,8.5,Visakhapatnam
1,CH01,7.991477833483415,8.0,Chandigarh
2,GJ01,6.989842215096041,7.0,Surat
3,GJ02,6.978946258267751,7.5,Vadodara
4,KA01,8.480729205501444,8.5,Mysore
5,KL01,8.495529333201418,8.5,Kochi
6,MP01,7.979899050645968,8.0,Indore
7,RJ01,8.488029911878101,8.25,Jaipur
8,TN01,7.980622412685512,8.25,Coimbatore
9,UP01,6.981585013299081,7.25,Lucknow
