achieved_new_passengers,target_new_passengers,perc_diff_passengers
12747,13500,-5.577777777777778
18908,21000,-9.961904761904762
11626,10500,10.723809523809525
10127,9900,2.292929292929293
11681,12000,-2.658333333333333
26416,27000,-2.162962962962963
14863,14100,5.411347517730496
45856,54000,-15.081481481481482
8514,7500,13.52
16260,15600,4.230769230769231
