,RPR%,city_name
0,28.81127160357657,Visakhapatnam
1,21.750781695038285,Chandigarh
2,42.96312263133657,Surat
3,30.793794765831805,Vadodara
4,11.208194857976475,Mysore
5,22.376614115363406,Kochi
6,32.957829029215176,Indore
7,18.32920688140563,Jaipur
8,23.671272394025078,Coimbatore
9,38.13187319734079,Lucknow
