city_name,new,repeated,rating_difference
Chandigarh,8.489158,7.493798,0.9953599999999998
Coimbatore,8.485788,7.475457,1.0103309999999999
Indore,8.485837,7.473961,1.011876
Jaipur,8.985018,7.991042,0.993976
Kochi,8.987394,8.003665,0.9837290000000003
Lucknow,7.977429,5.985741,1.991688
Mysore,8.982964,7.978495,1.0044690000000012
Surat,7.984173,5.995511,1.9886620000000006
Vadodara,7.979263,5.978629,2.0006340000000007
Visakhapatnam,8.976151,7.989628,0.986523
