city_name,achieved_trip_count,target_trip_count,perc_diff_trips
Chandigarh,20073,39000,-48.53076923076923
Coimbatore,12590,21000,-40.04761904761905
Indore,27593,43500,-36.56781609195402
Jaipur,31032,67500,-54.02666666666667
Kochi,24286,49500,-50.93737373737374
Lucknow,48039,72000,-33.27916666666667
Mysore,4557,13500,-66.24444444444444
Surat,43217,57000,-24.180701754385964
Vadodara,21899,37500,-41.602666666666664
Visakhapatnam,15619,28500,-45.19649122807017
